Last,First,Email,Address,Phone
Korbin,Maribel,Maribel.Korbin@yahoo.com,(472) 846-2895,9746 Broad Avenue  Niles MI 49120
Nathan,Jacquelyn,Jacquelyn.Nathan@yahoo.com,(836) 820-4948,9740 Kingston St.  Winona MN 55987
Kash,Logan,Logan.Kash@whatever.com,(117) 938-4386,7458 Bay Street  Mesa AZ 85203
Chavez,Camacho,Camacho.Chavez@hotmail.com,(398) 977-7620,9416 Ashley Ave.  Rapid City SD 57701
Olson,Lang,Lang.Olson@yahoo.com,(730) 723-2997,505 Newbridge Street  Bayonne NJ 07002
Savion,Lauryn,Lauryn.Savion@gmail.com,(408) 171-4340,69 Oak St.  Bountiful UT 84010
Rubio,Kemp,Kemp.Rubio@gmail.com,(285) 248-9774,956 N. Main Drive  Mount Pleasant SC 29464
Abdullah,Leilani,Leilani.Abdullah@hotmail.com,(824) 340-9271,797 West Glenridge Avenue  Amarillo TX 79106
Marcus,Madelyn,Madelyn.Marcus@yahoo.com,(861) 573-9547,8811 Glendale Rd.  Riverview FL 33569
Scott,Kimberly,Kimberly.Scott@whatever.com,(671) 798-3221,278 Tanglewood Lane  Yonkers NY 10701
